DATA,TOTAL S/ ISENTOS,Passageiros Isentos
1 de mar. de 2020,117109,27918
2 de mar. de 2020,615010,100508
3 de mar. de 2020,630057,102958
4 de mar. de 2020,639283,109205
5 de mar. de 2020,640561,106268
6 de mar. de 2020,630514,107864
7 de mar. de 2020,292445,50315
8 de mar. de 2020,128466,29713
9 de mar. de 2020,638985,105986
10 de mar. de 2020,643297,105198
11 de mar. de 2020,648967,106006
12 de mar. de 2020,632743,96497
13 de mar. de 2020,607376,91615
14 de mar. de 2020,267347,42850
15 de mar. de 2020,117792,25296
16 de mar. de 2020,551862,79619
17 de mar. de 2020,496955,70018
18 de mar. de 2020,421028,54825
19 de mar. de 2020,358893,42355
20 de mar. de 2020,277337,32973
21 de mar. de 2020,107505,14362
22 de mar. de 2020,39697,7388
23 de mar. de 2020,155322,21484
24 de mar. de 2020,124435,16349
25 de mar. de 2020,131752,19118
26 de mar. de 2020,131124,17593
27 de mar. de 2020,129220,16688
28 de mar. de 2020,70813,10179
29 de mar. de 2020,36270,6685
30 de mar. de 2020,137924,18667
31 de mar. de 2020,139654,19007
1 de abr. de 2020,144042,21128
2 de abr. de 2020,143487,20643
3 de abr. de 2020,153180,23063
4 de abr. de 2020,83007,12526
5 de abr. de 2020,40467,7692
6 de abr. de 2020,164938,26072
7 de abr. de 2020,171579,26896
8 de abr. de 2020,174991,26841
9 de abr. de 2020,177406,27125
10 de abr. de 2020,59114,9374
11 de abr. de 2020,86312,13946
12 de abr. de 2020,35183,7522
13 de abr. de 2020,181036,26037
14 de abr. de 2020,177994,25890
15 de abr. de 2020,183613,25708
16 de abr. de 2020,181431,23768
17 de abr. de 2020,187259,25172
18 de abr. de 2020,96156,13730
19 de abr. de 2020,41107,8131
20 de abr. de 2020,175156,25101
21 de abr. de 2020,63056,10501
22 de abr. de 2020,201438,28339
23 de abr. de 2020,201333,26728
24 de abr. de 2020,202521,27342
25 de abr. de 2020,105430,15702
26 de abr. de 2020,44218,9141
27 de abr. de 2020,204099,28193
28 de abr. de 2020,205280,28266
29 de abr. de 2020,208621,28221
30 de abr. de 2020,214245,30328
1 de mai. de 2020,62290,10908
2 de mai. de 2020,103291,17463
3 de mai. de 2020,46719,9555
4 de mai. de 2020,220594,33467
5 de mai. de 2020,221424,33981
6 de mai. de 2020,210158,28986
7 de mai. de 2020,223790,33172
8 de mai. de 2020,229144,34911
9 de mai. de 2020,120003,18477
10 de mai. de 2020,48530,9267
11 de mai. de 2020,222748,32038
12 de mai. de 2020,224973,31435
13 de mai. de 2020,222428,29690
14 de mai. de 2020,217431,27575
15 de mai. de 2020,220798,28638
16 de mai. de 2020,112387,16260
17 de mai. de 2020,45387,9010
18 de mai. de 2020,223095,29711
19 de mai. de 2020,222314,29385
20 de mai. de 2020,226738,29549
21 de mai. de 2020,223187,28733
22 de mai. de 2020,216446,25521
23 de mai. de 2020,112058,15314
24 de mai. de 2020,46319,9361
25 de mai. de 2020,231034,30495
26 de mai. de 2020,231087,30755
27 de mai. de 2020,233896,30827
28 de mai. de 2020,236308,30216
29 de mai. de 2020,237846,32726
30 de mai. de 2020,126925,18292
31 de mai. de 2020,54366,10304
1 de jun. de 2020,239369,33250
2 de jun. de 2020,230864,29690
3 de jun. de 2020,242278,33647
4 de jun. de 2020,240190,32438
5 de jun. de 2020,252230,37140
6 de jun. de 2020,130573,17979
7 de jun. de 2020,56656,10766
8 de jun. de 2020,255264,37855
9 de jun. de 2020,248077,31978
10 de jun. de 2020,241972,29527
11 de jun. de 2020,83793,12232
12 de jun. de 2020,233321,35219
13 de jun. de 2020,128752,19015
14 de jun. de 2020,54311,9938
15 de jun. de 2020,242401,31325
16 de jun. de 2020,239146,30265
17 de jun. de 2020,238611,30196
18 de jun. de 2020,235671,28902
19 de jun. de 2020,237342,29918
20 de jun. de 2020,109308,15537
21 de jun. de 2020,46040,8958
22 de jun. de 2020,235682,29859
23 de jun. de 2020,234581,29112
24 de jun. de 2020,234797,29245
25 de jun. de 2020,227441,27883
26 de jun. de 2020,225930,27419
27 de jun. de 2020,95747,12472
28 de jun. de 2020,41817,8090
29 de jun. de 2020,228994,29187
30 de jun. de 2020,211088,28629
1 de jul. de 2020,199404,26222
2 de jul. de 2020,196096,27254
3 de jul. de 2020,198808,27550
4 de jul. de 2020,92873,14491
5 de jul. de 2020,31541,7435
6 de jul. de 2020,202089,28649
7 de jul. de 2020,202632,29651
8 de jul. de 2020,201260,27182
9 de jul. de 2020,200022,27552
10 de jul. de 2020,201186,27955
11 de jul. de 2020,93105,13414
12 de jul. de 2020,33327,7803
13 de jul. de 2020,201743,27530
14 de jul. de 2020,203344,27118
15 de jul. de 2020,223415,29976
16 de jul. de 2020,228187,29016
17 de jul. de 2020,225817,29530
18 de jul. de 2020,103370,15730
19 de jul. de 2020,42627,8637
20 de jul. de 2020,232641,31043
21 de jul. de 2020,235967,30216
22 de jul. de 2020,237546,30748
23 de jul. de 2020,233701,29310
24 de jul. de 2020,239115,30639
25 de jul. de 2020,108830,15579
26 de jul. de 2020,37318,8411
27 de jul. de 2020,238626,31174
28 de jul. de 2020,241342,31199
29 de jul. de 2020,225810,25672
30 de jul. de 2020,233879,28672
31 de jul. de 2020,243072,31877
1 de ago. de 2020,113224,17334
2 de ago. de 2020,38350,8969
3 de ago. de 2020,251940,35697
4 de ago. de 2020,252299,35825
5 de ago. de 2020,256985,36821
6 de ago. de 2020,256939,36486
7 de ago. de 2020,263837,39555
8 de ago. de 2020,121172,18655
9 de ago. de 2020,41709,9488
10 de ago. de 2020,262269,38185
11 de ago. de 2020,260521,35948
12 de ago. de 2020,259126,34953
13 de ago. de 2020,249252,29989
14 de ago. de 2020,257415,34719
15 de ago. de 2020,97581,12450
16 de ago. de 2020,37452,8217
17 de ago. de 2020,255569,33369
18 de ago. de 2020,248615,28977
19 de ago. de 2020,241733,26921
20 de ago. de 2020,240149,25484
21 de ago. de 2020,234320,25231
22 de ago. de 2020,124920,17321
23 de ago. de 2020,52171,9635
24 de ago. de 2020,264206,34944
25 de ago. de 2020,267141,35924
26 de ago. de 2020,270856,36076
27 de ago. de 2020,267807,35680
28 de ago. de 2020,270145,37320
29 de ago. de 2020,140442,19527
30 de ago. de 2020,61314,11151
31 de ago. de 2020,270798,36910
1 de set. de 2020,274697,38445
2 de set. de 2020,275280,39404
3 de set. de 2020,278173,39867
4 de set. de 2020,280584,42297
5 de set. de 2020,143996,21852
6 de set. de 2020,60548,11581
7 de set. de 2020,75825,12288
8 de set. de 2020,108760,16260
9 de set. de 2020,290979,47389
10 de set. de 2020,290319,42778
11 de set. de 2020,286270,40574
12 de set. de 2020,142657,20283
13 de set. de 2020,46309,10783
14 de set. de 2020,285618,39835
15 de set. de 2020,286025,39337
16 de set. de 2020,287920,39485
17 de set. de 2020,284580,36654
18 de set. de 2020,288066,38839
19 de set. de 2020,144364,20278
20 de set. de 2020,45458,10149
21 de set. de 2020,284130,37431
22 de set. de 2020,287857,37298
23 de set. de 2020,287772,37280
24 de set. de 2020,290846,37875
25 de set. de 2020,290040,39628
26 de set. de 2020,146415,20519
27 de set. de 2020,57933,11370
28 de set. de 2020,250426,27767
29 de set. de 2020,296786,42575
30 de set. de 2020,293943,40961
1 de out. de 2020,298979,42892
2 de out. de 2020,297208,43051
3 de out. de 2020,151466,22163
4 de out. de 2020,62600,12134
5 de out. de 2020,302811,45743
6 de out. de 2020,309142,44536
7 de out. de 2020,313228,46647
8 de out. de 2020,290000,36553
9 de out. de 2020,288441,36478
10 de out. de 2020,165102,25426
11 de out. de 2020,70160,13182
12 de out. de 2020,85671,14192
13 de out. de 2020,315347,47179
14 de out. de 2020,319347,46120
15 de out. de 2020,315700,44003
16 de out. de 2020,313025,44451
17 de out. de 2020,160134,22519
18 de out. de 2020,66688,12841
19 de out. de 2020,307795,42869
20 de out. de 2020,319855,44242
21 de out. de 2020,320550,44442
22 de out. de 2020,315919,42010
23 de out. de 2020,313871,42997
24 de out. de 2020,157358,21635
25 de out. de 2020,68200,13126
26 de out. de 2020,311614,43637
27 de out. de 2020,320234,44342
28 de out. de 2020,322013,45651
29 de out. de 2020,317335,42980
30 de out. de 2020,294054,38032
31 de out. de 2020,156998,22764
1 de nov. de 2020,68544,13878
2 de nov. de 2020,85179,16635
3 de nov. de 2020,317522,49075
4 de nov. de 2020,325421,47932
5 de nov. de 2020,327751,49244
6 de nov. de 2020,332350,50689
7 de nov. de 2020,173490,26122
8 de nov. de 2020,73526,14326
9 de nov. de 2020,323561,49484
10 de nov. de 2020,329643,49091
11 de nov. de 2020,299716,35561
12 de nov. de 2020,325240,46859
13 de nov. de 2020,321726,44804
14 de nov. de 2020,169236,24320
15 de nov. de 2020,86278,18763
16 de nov. de 2020,319295,44001
17 de nov. de 2020,325070,45237
18 de nov. de 2020,301671,35454
19 de nov. de 2020,308218,39549
20 de nov. de 2020,321039,44663
21 de nov. de 2020,163733,22355
22 de nov. de 2020,73119,13344
23 de nov. de 2020,316899,42665
24 de nov. de 2020,319008,42848
25 de nov. de 2020,325991,43845
26 de nov. de 2020,317113,41426
27 de nov. de 2020,313375,42178
28 de nov. de 2020,168802,22972
29 de nov. de 2020,70570,12731
30 de nov. de 2020,314133,43522
1 de dez. de 2020,317562,44754
2 de dez. de 2020,317951,44238
3 de dez. de 2020,298553,39788
4 de dez. de 2020,309538,43429
5 de dez. de 2020,150638,18823
6 de dez. de 2020,41160,8673
7 de dez. de 2020,323171,46632
8 de dez. de 2020,323642,45433
9 de dez. de 2020,322493,42932
10 de dez. de 2020,322753,43340
11 de dez. de 2020,320395,42004
12 de dez. de 2020,172056,22349
13 de dez. de 2020,49336,10675
14 de dez. de 2020,316462,40793
15 de dez. de 2020,318464,41670
16 de dez. de 2020,322507,42596
17 de dez. de 2020,318707,40525
18 de dez. de 2020,320317,41573
19 de dez. de 2020,187135,23433
20 de dez. de 2020,80499,11980
21 de dez. de 2020,313219,42100
22 de dez. de 2020,306261,41747
23 de dez. de 2020,287137,40015
24 de dez. de 2020,159022,24710
25 de dez. de 2020,36364,8151
26 de dez. de 2020,119583,17505
27 de dez. de 2020,47275,10471
28 de dez. de 2020,240975,35173
29 de dez. de 2020,240532,35095
30 de dez. de 2020,230682,36222
31 de dez. de 2020,113125,19310
1 de jan. de 2021,33575,8703
2 de jan. de 2021,95419,16489
3 de jan. de 2021,46325,11299
4 de jan. de 2021,271733,42414
5 de jan. de 2021,280883,42546
6 de jan. de 2021,285868,42570
7 de jan. de 2021,292120,42090
8 de jan. de 2021,290205,44362
9 de jan. de 2021,158800,24026
10 de jan. de 2021,52689,11432
11 de jan. de 2021,303932,45041
12 de jan. de 2021,311400,42780
13 de jan. de 2021,308346,41193
14 de jan. de 2021,307570,40296
15 de jan. de 2021,309524,41313
16 de jan. de 2021,157254,21093
17 de jan. de 2021,55069,10981
18 de jan. de 2021,292225,36528
19 de jan. de 2021,299365,35063
20 de jan. de 2021,315821,41411
21 de jan. de 2021,316173,39785
22 de jan. de 2021,314305,41535
23 de jan. de 2021,159945,21349
24 de jan. de 2021,53935,10942
25 de jan. de 2021,313009,41328
26 de jan. de 2021,321721,42323
27 de jan. de 2021,319845,41242
28 de jan. de 2021,314921,40464
29 de jan. de 2021,317656,42647
30 de jan. de 2021,158404,21400
31 de jan. de 2021,71891,13290
1 de fev. de 2021,320651,45003
2 de fev. de 2021,326041,45130
3 de fev. de 2021,329553,46170
4 de fev. de 2021,328512,43912
5 de fev. de 2021,336145,49728
6 de fev. de 2021,171049,24349
7 de fev. de 2021,73663,13593
8 de fev. de 2021,333748,49424
9 de fev. de 2021,340996,48032
10 de fev. de 2021,341401,48685
11 de fev. de 2021,335341,43060
12 de fev. de 2021,330205,45478
13 de fev. de 2021,163758,23141
14 de fev. de 2021,71720,13233
15 de fev. de 2021,244581,34545
16 de fev. de 2021,218482,28774
17 de fev. de 2021,311101,41676
18 de fev. de 2021,341636,45929
19 de fev. de 2021,337345,45030
20 de fev. de 2021,171459,23174
21 de fev. de 2021,78187,13941
22 de fev. de 2021,344736,45209
23 de fev. de 2021,347373,45119
24 de fev. de 2021,341092,43335
25 de fev. de 2021,343057,42443
26 de fev. de 2021,337306,44840
27 de fev. de 2021,124329,18187
28 de fev. de 2021,39053,7781
1 de mar. de 2021,260079,35644
2 de mar. de 2021,259006,35991
3 de mar. de 2021,264170,36178
4 de mar. de 2021,265489,36690
5 de mar. de 2021,264979,38329
6 de mar. de 2021,121606,18381
7 de mar. de 2021,42651,8932
8 de mar. de 2021,269852,39325
9 de mar. de 2021,266948,34271
10 de mar. de 2021,311912,44016
11 de mar. de 2021,307105,39558
12 de mar. de 2021,302876,39611
13 de mar. de 2021,105890,15752
14 de mar. de 2021,38203,7827
15 de mar. de 2021,216176,28559
16 de mar. de 2021,210194,28130
17 de mar. de 2021,211721,28002
18 de mar. de 2021,210726,27303
19 de mar. de 2021,208544,27705
20 de mar. de 2021,86623,13019
21 de mar. de 2021,35576,7155
22 de mar. de 2021,213699,27924
23 de mar. de 2021,216489,28245
24 de mar. de 2021,218013,28223
25 de mar. de 2021,220855,28977
26 de mar. de 2021,220046,29311
27 de mar. de 2021,105745,16057
28 de mar. de 2021,38822,8519
29 de mar. de 2021,234986,31604
30 de mar. de 2021,239898,33185
31 de mar. de 2021,248458,34066
1 de abr. de 2021,243756,36121
2 de abr. de 2021,70474,11097
3 de abr. de 2021,103615,18172
4 de abr. de 2021,39800,8954
5 de abr. de 2021,281966,41909
6 de abr. de 2021,293721,41856
7 de abr. de 2021,299113,42614
8 de abr. de 2021,301718,42520
9 de abr. de 2021,299887,41525
10 de abr. de 2021,153357,21120
11 de abr. de 2021,45889,9889
12 de abr. de 2021,301494,42212
13 de abr. de 2021,305249,40064
14 de abr. de 2021,307087,40465
15 de abr. de 2021,309110,39803
16 de abr. de 2021,305817,40888
17 de abr. de 2021,153058,20933
18 de abr. de 2021,48484,9994
19 de abr. de 2021,307700,41219
20 de abr. de 2021,317792,43583
21 de abr. de 2021,106914,16564
22 de abr. de 2021,317515,42656
23 de abr. de 2021,312517,41327
24 de abr. de 2021,158572,21479
25 de abr. de 2021,49663,10797
26 de abr. de 2021,315545,42908
27 de abr. de 2021,318823,41852
28 de abr. de 2021,321792,42722
29 de abr. de 2021,318417,40607
30 de abr. de 2021,316107,43240
1 de mai. de 2021,103026,16593
2 de mai. de 2021,52621,11487
3 de mai. de 2021,320618,46624
4 de mai. de 2021,327399,47282
5 de mai. de 2021,329205,48108
6 de mai. de 2021,324010,45277
7 de mai. de 2021,311540,44489
8 de mai. de 2021,161909,21858
9 de mai. de 2021,67477,11547
10 de mai. de 2021,301258,43917
11 de mai. de 2021,323328,45814
12 de mai. de 2021,328215,35187
13 de mai. de 2021,325801,44112
14 de mai. de 2021,327130,43995
15 de mai. de 2021,162311,21976
16 de mai. de 2021,53554,11359
17 de mai. de 2021,325532,45618
18 de mai. de 2021,330109,45719
19 de mai. de 2021,326041,44382
20 de mai. de 2021,331370,43411
21 de mai. de 2021,324720,44487
22 de mai. de 2021,112632,13909
23 de mai. de 2021,47418,9616
24 de mai. de 2021,320530,41595
25 de mai. de 2021,324389,43326
26 de mai. de 2021,319980,43016
27 de mai. de 2021,321990,42498
28 de mai. de 2021,317615,43376
29 de mai. de 2021,124138,16668
30 de mai. de 2021,42113,8441
31 de mai. de 2021,282665,38399
1 de jun. de 2021,286571,42385
2 de jun. de 2021,287632,44297
3 de jun. de 2021,83824,12692
4 de jun. de 2021,242670,40213
5 de jun. de 2021,121554,19180
6 de jun. de 2021,45220,10246
7 de jun. de 2021,271584,36693
8 de jun. de 2021,291126,44610
9 de jun. de 2021,314916,47451
10 de jun. de 2021,322211,46100
11 de jun. de 2021,323840,46301
12 de jun. de 2021,164530,23359
13 de jun. de 2021,54812,11104
14 de jun. de 2021,316716,43960
15 de jun. de 2021,327848,45774
16 de jun. de 2021,324022,43794
17 de jun. de 2021,321410,40313
18 de jun. de 2021,316504,40875
19 de jun. de 2021,128976,12874
20 de jun. de 2021,55217,10659
21 de jun. de 2021,317449,41106
22 de jun. de 2021,323646,40157
23 de jun. de 2021,325678,42406
24 de jun. de 2021,328673,41957
25 de jun. de 2021,326681,44658
26 de jun. de 2021,165340,21941
27 de jun. de 2021,61572,12088
28 de jun. de 2021,307495,36262
29 de jun. de 2021,312873,39338
30 de jun. de 2021,317334,42097
1 de jul. de 2021,325068,44417
2 de jul. de 2021,327517,47696
3 de jul. de 2021,168313,23573
4 de jul. de 2021,59504,11658
5 de jul. de 2021,325396,47991
6 de jul. de 2021,330196,47150
7 de jul. de 2021,339255,51223
8 de jul. de 2021,335996,48045
9 de jul. de 2021,332435,48304
10 de jul. de 2021,177776,24195
11 de jul. de 2021,73681,13275
12 de jul. de 2021,331308,48750
13 de jul. de 2021,334206,47269
14 de jul. de 2021,334527,47090
15 de jul. de 2021,334891,45190
16 de jul. de 2021,318606,38545
17 de jul. de 2021,171625,22505
18 de jul. de 2021,74954,12318
19 de jul. de 2021,325777,42177
20 de jul. de 2021,333764,43835
21 de jul. de 2021,339937,45810
22 de jul. de 2021,339803,44377
23 de jul. de 2021,338563,44888
24 de jul. de 2021,177032,23259
25 de jul. de 2021,78109,13877
26 de jul. de 2021,343924,47440
27 de jul. de 2021,339110,42865
28 de jul. de 2021,333764,41933
29 de jul. de 2021,326104,39685
30 de jul. de 2021,331632,44319
31 de jul. de 2021,170520,22570
1 de ago. de 2021,72003,12812
2 de ago. de 2021,339078,49475
3 de ago. de 2021,360451,51625
4 de ago. de 2021,355389,50778
5 de ago. de 2021,356224,50570
6 de ago. de 2021,360686,53336
7 de ago. de 2021,185280,24984
8 de ago. de 2021,79866,14045
9 de ago. de 2021,358843,52231
10 de ago. de 2021,369930,54065
11 de ago. de 2021,358176,48548
12 de ago. de 2021,344867,42098
13 de ago. de 2021,308106,30809
14 de ago. de 2021,169813,22138
15 de ago. de 2021,75919,13648
16 de ago. de 2021,331137,38068
17 de ago. de 2021,371827,52064
18 de ago. de 2021,370331,51374
19 de ago. de 2021,370609,48654
20 de ago. de 2021,367975,49014
21 de ago. de 2021,189305,25168
22 de ago. de 2021,81172,14829
23 de ago. de 2021,365915,48741
24 de ago. de 2021,374884,49585
25 de ago. de 2021,375922,51389
26 de ago. de 2021,365565,45036
27 de ago. de 2021,361915,45678
28 de ago. de 2021,173412,21351
29 de ago. de 2021,77963,13339
30 de ago. de 2021,370751,50236
31 de ago. de 2021,377350,51695
1 de set. de 2021,382121,56111
2 de set. de 2021,383522,54171
3 de set. de 2021,379489,55555
4 de set. de 2021,189649,26514
5 de set. de 2021,85352,14469
6 de set. de 2021,247167,42581
7 de set. de 2021,102252,15125
8 de set. de 2021,166706,23732
9 de set. de 2021,387904,60037
10 de set. de 2021,387058,57790
11 de set. de 2021,188549,26618
12 de set. de 2021,84685,15437
13 de set. de 2021,382890,54447
14 de set. de 2021,380328,49313
15 de set. de 2021,386968,52606
16 de set. de 2021,368851,41827
17 de set. de 2021,374509,47732
18 de set. de 2021,189915,27142
19 de set. de 2021,85813,15349
20 de set. de 2021,387006,52979
21 de set. de 2021,394182,52349
22 de set. de 2021,395231,52711
23 de set. de 2021,392830,50995
24 de set. de 2021,390896,52280
25 de set. de 2021,197613,26108
26 de set. de 2021,94410,15939
27 de set. de 2021,389937,53360
28 de set. de 2021,401032,54173
29 de set. de 2021,400785,53921
30 de set. de 2021,401591,53652
1 de out. de 2021,370489,45897
2 de out. de 2021,198376,28839
3 de out. de 2021,69628,10523
4 de out. de 2021,379116,48360
5 de out. de 2021,410238,61510
6 de out. de 2021,414748,60623
7 de out. de 2021,412050,57680
8 de out. de 2021,411423,59169
9 de out. de 2021,196119,26179
10 de out. de 2021,85469,14719
11 de out. de 2021,299794,43884
12 de out. de 2021,119719,17615
13 de out. de 2021,419503,62493
14 de out. de 2021,419796,56819
15 de out. de 2021,395975,49115
16 de out. de 2021,204627,27962
17 de out. de 2021,81475,14256
18 de out. de 2021,404388,51838
19 de out. de 2021,414381,54694
20 de out. de 2021,422479,57730
21 de out. de 2021,419848,55236
22 de out. de 2021,418984,56331
23 de out. de 2021,204334,26913
24 de out. de 2021,84346,14922
25 de out. de 2021,417914,57249
26 de out. de 2021,428115,60374
27 de out. de 2021,431127,60521
28 de out. de 2021,428874,58252
29 de out. de 2021,423072,61923
30 de out. de 2021,209679,29324
31 de out. de 2021,88042,15218
1 de nov. de 2021,304000,44616
2 de nov. de 2021,121245,22266
3 de nov. de 2021,442743,68724
4 de nov. de 2021,439621,63958
5 de nov. de 2021,441064,65856
6 de nov. de 2021,224599,30871
7 de nov. de 2021,98094,17414
8 de nov. de 2021,438885,65393
9 de nov. de 2021,445617,65520
10 de nov. de 2021,449576,65979
11 de nov. de 2021,439616,57601
12 de nov. de 2021,435199,60329
13 de nov. de 2021,217134,29828
14 de nov. de 2021,108397,17792
15 de nov. de 2021,122625,19110
16 de nov. de 2021,444648,63304
17 de nov. de 2021,449751,63761
18 de nov. de 2021,433107,55319
19 de nov. de 2021,441794,60805
20 de nov. de 2021,226069,30989
21 de nov. de 2021,114579,18888
22 de nov. de 2021,438887,60901
23 de nov. de 2021,447167,60504
24 de nov. de 2021,449359,64141
25 de nov. de 2021,449478,60512
26 de nov. de 2021,445611,61412
27 de nov. de 2021,228869,31406
28 de nov. de 2021,107409,18836
29 de nov. de 2021,433381,60269
30 de nov. de 2021,449812,63175
1 de dez. de 2021,451296,66564
2 de dez. de 2021,448823,64822
3 de dez. de 2021,446757,64991
4 de dez. de 2021,241961,33190
5 de dez. de 2021,108306,18635
6 de dez. de 2021,439953,66152
7 de dez. de 2021,448681,67870
8 de dez. de 2021,455604,69852
9 de dez. de 2021,452335,65346
10 de dez. de 2021,442902,64548
11 de dez. de 2021,244580,32696
12 de dez. de 2021,117573,19276
13 de dez. de 2021,432454,62243
14 de dez. de 2021,430753,61070
15 de dez. de 2021,442904,65002
16 de dez. de 2021,446233,61911
17 de dez. de 2021,432293,62293
18 de dez. de 2021,248382,33479
19 de dez. de 2021,130822,20814
20 de dez. de 2021,417647,61210
21 de dez. de 2021,413041,58442
22 de dez. de 2021,395766,58014
23 de dez. de 2021,364814,52525
24 de dez. de 2021,194658,32131
25 de dez. de 2021,54470,10923
26 de dez. de 2021,88961,15304
27 de dez. de 2021,293200,41255
28 de dez. de 2021,306660,45943
29 de dez. de 2021,292396,44856
30 de dez. de 2021,249297,36483
31 de dez. de 2021,132611,24377
1 de jan. de 2022,47815,10860
2 de jan. de 2022,81396,15644
3 de jan. de 2022,305389,47506
4 de jan. de 2022,326195,51475
5 de jan. de 2022,344791,55722
6 de jan. de 2022,339608,51080
7 de jan. de 2022,353381,58461
8 de jan. de 2022,190623,29259
9 de jan. de 2022,88361,16892
10 de jan. de 2022,368719,58536
11 de jan. de 2022,369112,54684
12 de jan. de 2022,372647,56011
13 de jan. de 2022,368323,52093
14 de jan. de 2022,359177,50773
15 de jan. de 2022,177492,26090
16 de jan. de 2022,87411,16167
17 de jan. de 2022,363437,51917
18 de jan. de 2022,368092,51289
19 de jan. de 2022,374285,54839
20 de jan. de 2022,369878,49812
21 de jan. de 2022,367360,51784
22 de jan. de 2022,190111,26555
23 de jan. de 2022,90157,16326
24 de jan. de 2022,367571,50713
25 de jan. de 2022,379001,53512
26 de jan. de 2022,379013,53750
27 de jan. de 2022,369361,49342
28 de jan. de 2022,360720,48967
29 de jan. de 2022,180304,24072
30 de jan. de 2022,84832,16156
31 de jan. de 2022,383400,55664
1 de fev. de 2022,392553,57977
2 de fev. de 2022,400228,60901
3 de fev. de 2022,394526,57988
4 de fev. de 2022,390291,57682
5 de fev. de 2022,209388,30573
6 de fev. de 2022,94396,17500
7 de fev. de 2022,428035,65790
8 de fev. de 2022,432622,62492
9 de fev. de 2022,435130,63911
10 de fev. de 2022,439012,61525
11 de fev. de 2022,430212,60249
12 de fev. de 2022,211080,30042
13 de fev. de 2022,102324,18762
14 de fev. de 2022,438540,59643
15 de fev. de 2022,450451,62061
16 de fev. de 2022,457997,63391
17 de fev. de 2022,449620,58921
18 de fev. de 2022,445414,60054
19 de fev. de 2022,210224,29896
20 de fev. de 2022,97822,18140
21 de fev. de 2022,449041,59622
22 de fev. de 2022,462716,62520
23 de fev. de 2022,462301,63030
24 de fev. de 2022,459173,61010
25 de fev. de 2022,441330,62010
26 de fev. de 2022,196348,28959
27 de fev. de 2022,101327,18311
28 de fev. de 2022,239792,37905
1 de mar. de 2022,169727,25859
2 de mar. de 2022,355558,54989
3 de mar. de 2022,459482,67718
4 de mar. de 2022,447998,66844
5 de mar. de 2022,212739,33623
6 de mar. de 2022,95753,19082
7 de mar. de 2022,472217,69793
8 de mar. de 2022,478998,70811
9 de mar. de 2022,482732,73083
10 de mar. de 2022,485156,68509
11 de mar. de 2022,475034,66271
12 de mar. de 2022,209931,30619
13 de mar. de 2022,88688,16626
14 de mar. de 2022,472556,65174
15 de mar. de 2022,489028,67580
16 de mar. de 2022,485331,66406
17 de mar. de 2022,491265,66306
18 de mar. de 2022,475478,64443
19 de mar. de 2022,205081,28943
20 de mar. de 2022,96258,18423
21 de mar. de 2022,477393,63224
22 de mar. de 2022,486849,65578
23 de mar. de 2022,495951,68819
24 de mar. de 2022,481595,62517
25 de mar. de 2022,474609,63971
26 de mar. de 2022,219452,31637
27 de mar. de 2022,98627,19432
28 de mar. de 2022,483746,66655
29 de mar. de 2022,492034,67309
30 de mar. de 2022,493284,67426
31 de mar. de 2022,503071,65742
1 de abr. de 2022,459644,59416
2 de abr. de 2022,212878,31796
3 de abr. de 2022,102574,19613
4 de abr. de 2022,492721,70588
5 de abr. de 2022,502770,75452
6 de abr. de 2022,513480,76944
7 de abr. de 2022,508122,74298
8 de abr. de 2022,480544,69496
9 de abr. de 2022,240319,35708
10 de abr. de 2022,114796,21745
11 de abr. de 2022,494568,69261
12 de abr. de 2022,493026,66408
13 de abr. de 2022,513245,77247
14 de abr. de 2022,454364,64524
15 de abr. de 2022,128073,20486
16 de abr. de 2022,195640,31768
17 de abr. de 2022,87801,17082
18 de abr. de 2022,482864,66098
19 de abr. de 2022,502175,71128
20 de abr. de 2022,504333,74353
21 de abr. de 2022,148440,21975
22 de abr. de 2022,342400,47708
23 de abr. de 2022,205450,29243
24 de abr. de 2022,100541,20197
25 de abr. de 2022,492937,70901
26 de abr. de 2022,503881,70804
27 de abr. de 2022,495923,72531
28 de abr. de 2022,501856,69573
29 de abr. de 2022,483628,68391
30 de abr. de 2022,221999,32443
1 de mai. de 2022,90291,19669
2 de mai. de 2022,491576,71905
3 de mai. de 2022,472816,62757
4 de mai. de 2022,504434,74268
5 de mai. de 2022,504506,74862
6 de mai. de 2022,494638,76816
7 de mai. de 2022,246350,35973
8 de mai. de 2022,102901,18217
9 de mai. de 2022,482291,70924
10 de mai. de 2022,503281,75258
11 de mai. de 2022,493345,69288
12 de mai. de 2022,496055,70089
13 de mai. de 2022,486446,70304
14 de mai. de 2022,226833,33047
15 de mai. de 2022,104457,19543
16 de mai. de 2022,490713,69610
17 de mai. de 2022,481336,64007
18 de mai. de 2022,469614,57541
19 de mai. de 2022,479596,63005
20 de mai. de 2022,471774,64575
21 de mai. de 2022,222012,32036
22 de mai. de 2022,99547,18930
23 de mai. de 2022,480521,65673
24 de mai. de 2022,492677,67754
25 de mai. de 2022,495405,71125
26 de mai. de 2022,490064,67298
27 de mai. de 2022,464830,66471
28 de mai. de 2022,221443,31740
29 de mai. de 2022,96646,18106
30 de mai. de 2022,451637,55200
31 de mai. de 2022,474729,61892
1 de jun. de 2022,456938,53879
2 de jun. de 2022,436242,49465
3 de jun. de 2022,473464,68331
4 de jun. de 2022,222968,32760
5 de jun. de 2022,99047,18995
6 de jun. de 2022,498037,73805
7 de jun. de 2022,473932,58376
8 de jun. de 2022,512608,77515
9 de jun. de 2022,507111,69121
10 de jun. de 2022,494123,69197
11 de jun. de 2022,229717,32469
12 de jun. de 2022,106331,18383
13 de jun. de 2022,490164,68872
14 de jun. de 2022,499895,68212
15 de jun. de 2022,503846,73141
16 de jun. de 2022,152713,23559
17 de jun. de 2022,360295,52947
18 de jun. de 2022,215750,31263
19 de jun. de 2022,97243,18509
20 de jun. de 2022,490239,67257
21 de jun. de 2022,499480,70493
22 de jun. de 2022,512416,72493
23 de jun. de 2022,507332,68040
24 de jun. de 2022,490747,68312
25 de jun. de 2022,229110,33430
26 de jun. de 2022,96203,17958
27 de jun. de 2022,482028,66216
28 de jun. de 2022,500380,71191
29 de jun. de 2022,492909,70674
30 de jun. de 2022,490188,68707
1 de jul. de 2022,461999,70221
2 de jul. de 2022,214759,33373
3 de jul. de 2022,106721,20233
4 de jul. de 2022,473034,70822
5 de jul. de 2022,526220,77760
6 de jul. de 2022,488650,76590
7 de jul. de 2022,484848,73439
8 de jul. de 2022,459632,69706
9 de jul. de 2022,228275,35177
10 de jul. de 2022,109714,20741
11 de jul. de 2022,443647,68523
12 de jul. de 2022,442729,62475
13 de jul. de 2022,440049,63251
14 de jul. de 2022,439809,61851
15 de jul. de 2022,442784,64677
16 de jul. de 2022,223357,32995
17 de jul. de 2022,97911,18464
18 de jul. de 2022,423720,58951
19 de jul. de 2022,450402,63478
20 de jul. de 2022,466272,68709
21 de jul. de 2022,466375,64624
22 de jul. de 2022,453398,64440
23 de jul. de 2022,224947,32558
24 de jul. de 2022,106262,20632
25 de jul. de 2022,471180,66401
26 de jul. de 2022,459483,69338
27 de jul. de 2022,491542,73629
28 de jul. de 2022,486113,68497
29 de jul. de 2022,460479,64246
30 de jul. de 2022,215876,32685
31 de jul. de 2022,107686,20549
1 de ago. de 2022,484531,71533
2 de ago. de 2022,500083,74501
3 de ago. de 2022,505370,77103
4 de ago. de 2022,500278,73629
5 de ago. de 2022,492714,75264
6 de ago. de 2022,215119,31641
7 de ago. de 2022,82580,14511
8 de ago. de 2022,489148,70317
9 de ago. de 2022,460772,53451
10 de ago. de 2022,454717,49546
11 de ago. de 2022,502699,71355
12 de ago. de 2022,501305,69005
13 de ago. de 2022,226735,33691
14 de ago. de 2022,103577,19502
15 de ago. de 2022,504205,71657
16 de ago. de 2022,502453,64503
17 de ago. de 2022,500935,65639
18 de ago. de 2022,466163,53618
19 de ago. de 2022,494115,67138
20 de ago. de 2022,209568,27996
21 de ago. de 2022,89376,16246
22 de ago. de 2022,495487,65059
23 de ago. de 2022,509495,68959
24 de ago. de 2022,514118,72569
25 de ago. de 2022,509611,70454
26 de ago. de 2022,499999,70213
27 de ago. de 2022,229373,33964
28 de ago. de 2022,101824,19908
29 de ago. de 2022,491026,66757
30 de ago. de 2022,492084,63377
31 de ago. de 2022,509127,72376
1 de set. de 2022,515791,75539
2 de set. de 2022,494601,73558
3 de set. de 2022,196273,25463
4 de set. de 2022,91772,18006
5 de set. de 2022,490322,72745
6 de set. de 2022,474488,67094
7 de set. de 2022,129921,23283
8 de set. de 2022,174468,29575
9 de set. de 2022,362980,66626
10 de set. de 2022,199332,32826
11 de set. de 2022,90179,17531
12 de set. de 2022,468468,61828
13 de set. de 2022,506378,73757
14 de set. de 2022,490912,61932
15 de set. de 2022,498595,64417
16 de set. de 2022,489537,69161
17 de set. de 2022,223678,34148
18 de set. de 2022,105169,19963
19 de set. de 2022,492578,71133
20 de set. de 2022,513274,74849
21 de set. de 2022,498389,69398
22 de set. de 2022,504385,69810
23 de set. de 2022,490660,69888
24 de set. de 2022,227531,34941
25 de set. de 2022,81349,14907
26 de set. de 2022,461582,58542
27 de set. de 2022,499408,70838
28 de set. de 2022,495508,70503
29 de set. de 2022,491964,67714
30 de set. de 2022,476212,69151
1 de out. de 2022,215608,35262
2 de out. de 2022,0,0
3 de out. de 2022,486134,73651
4 de out. de 2022,502252,76782
5 de out. de 2022,508397,81531
6 de out. de 2022,489629,68415
7 de out. de 2022,492267,78249
8 de out. de 2022,240097,38218
9 de out. de 2022,109279,22020
10 de out. de 2022,485349,74333
11 de out. de 2022,492397,78235
12 de out. de 2022,134230,24179
13 de out. de 2022,471604,70565
14 de out. de 2022,439849,57066
15 de out. de 2022,208200,32225
16 de out. de 2022,93671,18031
17 de out. de 2022,499296,74491
18 de out. de 2022,489806,65335
19 de out. de 2022,516867,78685
20 de out. de 2022,494389,67359
21 de out. de 2022,491145,70332
22 de out. de 2022,228005,35685
23 de out. de 2022,111501,21784
24 de out. de 2022,498673,71876
25 de out. de 2022,517655,75789
26 de out. de 2022,515531,78779
27 de out. de 2022,507201,71425
28 de out. de 2022,484570,73334
29 de out. de 2022,210998,31524
30 de out. de 2022,0,0
31 de out. de 2022,476260,66636
1 de nov. de 2022,472821,68063
2 de nov. de 2022,123762,24286
3 de nov. de 2022,503988,77978
4 de nov. de 2022,496027,79789
5 de nov. de 2022,227667,37876
6 de nov. de 2022,105998,22025
7 de nov. de 2022,502519,80745
8 de nov. de 2022,522292,84885
9 de nov. de 2022,523916,84231
10 de nov. de 2022,512731,78675
11 de nov. de 2022,475436,70053
12 de nov. de 2022,221101,36122
13 de nov. de 2022,105728,21475
14 de nov. de 2022,341827,54961
15 de nov. de 2022,149993,23749
16 de nov. de 2022,512513,81868
17 de nov. de 2022,514121,77717
18 de nov. de 2022,496328,75625
19 de nov. de 2022,230384,36749
20 de nov. de 2022,102914,20708
21 de nov. de 2022,488294,74010
22 de nov. de 2022,492138,70196
23 de nov. de 2022,493728,73579
24 de nov. de 2022,431826,58684
25 de nov. de 2022,487364,76893
26 de nov. de 2022,210738,30822
27 de nov. de 2022,109762,19096
28 de nov. de 2022,408371,51633
29 de nov. de 2022,486295,70984
30 de nov. de 2022,488032,71248
1 de dez. de 2022,497324,78075
2 de dez. de 2022,421697,63355
3 de dez. de 2022,224059,36366
4 de dez. de 2022,106942,21770
5 de dez. de 2022,420870,66761
6 de dez. de 2022,497757,81323
7 de dez. de 2022,506875,86175
8 de dez. de 2022,498536,80440
9 de dez. de 2022,392486,51252
10 de dez. de 2022,256239,40735
11 de dez. de 2022,120917,22471
12 de dez. de 2022,472609,76322
13 de dez. de 2022,482018,77071
14 de dez. de 2022,481362,79480
15 de dez. de 2022,481846,76667
16 de dez. de 2022,452355,70601
17 de dez. de 2022,240635,37666
18 de dez. de 2022,122654,21836
19 de dez. de 2022,433713,71063
20 de dez. de 2022,435365,67982
21 de dez. de 2022,433063,72312
22 de dez. de 2022,408761,66488
23 de dez. de 2022,360382,59608
24 de dez. de 2022,146263,27067
25 de dez. de 2022,53157,13379
26 de dez. de 2022,293158,46308
27 de dez. de 2022,319675,52369
28 de dez. de 2022,314557,55247
29 de dez. de 2022,310112,52145
30 de dez. de 2022,266489,47849
31 de dez. de 2022,112487,24666
1 de jan. de 2023,50465,12502
2 de jan. de 2023,271999,47219
3 de jan. de 2023,339696,59902
4 de jan. de 2023,312378,45335
5 de jan. de 2023,366212,67030
6 de jan. de 2023,374095,70537
7 de jan. de 2023,194465,34481
8 de jan. de 2023,91766,20199
9 de jan. de 2023,394215,69108
10 de jan. de 2023,403152,67713
11 de jan. de 2023,409348,69345
12 de jan. de 2023,410157,65427
13 de jan. de 2023,405974,65314
14 de jan. de 2023,199334,33014
15 de jan. de 2023,96970,20546
16 de jan. de 2023,408591,64098
17 de jan. de 2023,418367,63791
18 de jan. de 2023,419764,66002
19 de jan. de 2023,432595,66540
20 de jan. de 2023,422712,65264
21 de jan. de 2023,215885,35081
22 de jan. de 2023,99451,21083
23 de jan. de 2023,418721,64833
24 de jan. de 2023,443046,69378
25 de jan. de 2023,450819,72058
26 de jan. de 2023,439184,68308
27 de jan. de 2023,431544,69115
28 de jan. de 2023,208304,35080
29 de jan. de 2023,98343,20936
30 de jan. de 2023,424034,68245
31 de jan. de 2023,443267,69759
1 de fev. de 2023,452459,76144
2 de fev. de 2023,447781,70413
3 de fev. de 2023,441759,73611
4 de fev. de 2023,214014,36268
5 de fev. de 2023,103037,22667
6 de fev. de 2023,468334,79138
7 de fev. de 2023,477027,80742
8 de fev. de 2023,479101,80981
9 de fev. de 2023,483815,76448
10 de fev. de 2023,459821,73552
11 de fev. de 2023,215748,36390
12 de fev. de 2023,104150,23308
13 de fev. de 2023,472282,74519
14 de fev. de 2023,482640,77264
15 de fev. de 2023,487893,78595
16 de fev. de 2023,485890,75514
17 de fev. de 2023,449069,70664
18 de fev. de 2023,185195,30536
19 de fev. de 2023,88765,16801
20 de fev. de 2023,201733,33378
21 de fev. de 2023,148040,23785
22 de fev. de 2023,367510,60652
23 de fev. de 2023,456217,72008
24 de fev. de 2023,464729,75893
25 de fev. de 2023,217326,36953
26 de fev. de 2023,94528,21586
27 de fev. de 2023,482189,77594
28 de fev. de 2023,494836,80940
3 de mar. de 2023,478076,79353
4 de mar. de 2023,209687,37027
5 de mar. de 2023,88975,20270
6 de mar. de 2023,483158,81443
7 de mar. de 2023,504359,85489
8 de mar. de 2023,515037,88704
10 de mar. de 2023,473594,73614
11 de mar. de 2023,211852,35642
12 de mar. de 2023,96787,21977
13 de mar. de 2023,489701,77935
14 de mar. de 2023,502570,79969
15 de mar. de 2023,507712,83623
16 de mar. de 2023,501551,78220
17 de mar. de 2023,487210,77858
18 de mar. de 2023,219625,37168
19 de mar. de 2023,101334,22473
20 de mar. de 2023,496622,76270
21 de mar. de 2023,513175,78417
22 de mar. de 2023,517036,81409
23 de mar. de 2023,512817,76749
24 de mar. de 2023,494685,75774
25 de mar. de 2023,216258,37297
26 de mar. de 2023,97971,21286
27 de mar. de 2023,497873,76922
28 de mar. de 2023,513881,80630
29 de mar. de 2023,512709,82273
30 de mar. de 2023,511849,77809
31 de mar. de 2023,499315,79721
1 de abr. de 2023,226835,39394
2 de abr. de 2023,103793,23079
3 de abr. de 2023,507838,85755
4 de abr. de 2023,517316,88053
5 de abr. de 2023,522729,94319
6 de abr. de 2023,472015,80698
7 de abr. de 2023,119782,21581
8 de abr. de 2023,186000,37382
9 de abr. de 2023,91490,19948
10 de abr. de 2023,490407,86492
11 de abr. de 2023,524419,88646
12 de abr. de 2023,512150,86986
13 de abr. de 2023,510982,81306
14 de abr. de 2023,470867,71860
15 de abr. de 2023,215734,36289
16 de abr. de 2023,93086,22195
17 de abr. de 2023,499768,80000
18 de abr. de 2023,484637,66118
19 de abr. de 2023,516052,86448
20 de abr. de 2023,479059,80135
21 de abr. de 2023,138445,24150
22 de abr. de 2023,192750,35889
23 de abr. de 2023,99715,21892
24 de abr. de 2023,494789,79479
25 de abr. de 2023,515542,83154
26 de abr. de 2023,510288,82780
27 de abr. de 2023,510417,81570
28 de abr. de 2023,490458,80417
29 de abr. de 2023,214111,37427
30 de abr. de 2023,99285,21642
1 de mai. de 2023,91913,20132
2 de mai. de 2023,495282,86680
3 de mai. de 2023,515478,89464
4 de mai. de 2023,509993,85398
5 de mai. de 2023,497524,86263
6 de mai. de 2023,224430,40402
7 de mai. de 2023,101770,23871
8 de mai. de 2023,499946,87119
9 de mai. de 2023,511979,85699
10 de mai. de 2023,517747,89565
11 de mai. de 2023,513536,83542
12 de mai. de 2023,487696,80120
13 de mai. de 2023,218967,38907
14 de mai. de 2023,92237,19910
15 de mai. de 2023,494313,77592
16 de mai. de 2023,507156,81971
17 de mai. de 2023,510429,85087
18 de mai. de 2023,503150,78431
19 de mai. de 2023,487517,78171
20 de mai. de 2023,220649,38006
21 de mai. de 2023,96515,22406
22 de mai. de 2023,490972,78157
23 de mai. de 2023,506867,80943
24 de mai. de 2023,506331,83657
25 de mai. de 2023,501119,80023
26 de mai. de 2023,485559,79138
27 de mai. de 2023,214611,37338
28 de mai. de 2023,81999,17916
29 de mai. de 2023,485055,76069
30 de mai. de 2023,497207,77738
31 de mai. de 2023,492586,78808
1 de jun. de 2023,503215,83450
2 de jun. de 2023,483106,83063
3 de jun. de 2023,220647,40481
4 de jun. de 2023,97433,23456
5 de jun. de 2023,496470,87403
6 de jun. de 2023,512217,90300
7 de jun. de 2023,509093,95076
8 de jun. de 2023,146076,28678
9 de jun. de 2023,350005,67006
10 de jun. de 2023,212352,39859
11 de jun. de 2023,96693,22313
12 de jun. de 2023,456625,64948
13 de jun. de 2023,458994,59465
14 de jun. de 2023,482439,68884
15 de jun. de 2023,482103,69085
16 de jun. de 2023,482337,77720
17 de jun. de 2023,210126,35899
18 de jun. de 2023,92564,20273
19 de jun. de 2023,486655,79688
20 de jun. de 2023,499576,81751
21 de jun. de 2023,501914,83462
22 de jun. de 2023,497011,77786
23 de jun. de 2023,478410,77784
24 de jun. de 2023,217791,38993
25 de jun. de 2023,105574,23771
26 de jun. de 2023,477834,79629
27 de jun. de 2023,491633,83823
28 de jun. de 2023,494298,86291
29 de jun. de 2023,480496,76064
30 de jun. de 2023,470158,79387
1 de jul. de 2023,210502,39639
2 de jul. de 2023,97852,22418
3 de jul. de 2023,462257,82484
4 de jul. de 2023,474283,85983
5 de jul. de 2023,472077,88595
6 de jul. de 2023,468008,83372
7 de jul. de 2023,446366,83707
8 de jul. de 2023,200689,34911
9 de jul. de 2023,86976,18835
10 de jul. de 2023,399008,65406
11 de jul. de 2023,412548,65203
12 de jul. de 2023,443486,81044
13 de jul. de 2023,421811,65942
14 de jul. de 2023,419895,70500
15 de jul. de 2023,205287,36636
16 de jul. de 2023,96663,21724
17 de jul. de 2023,413892,69889
18 de jul. de 2023,411439,60557
19 de jul. de 2023,423605,68552
20 de jul. de 2023,436593,70028
21 de jul. de 2023,431105,72446
22 de jul. de 2023,213295,37692
23 de jul. de 2023,101259,22452
24 de jul. de 2023,459555,75799
25 de jul. de 2023,474718,82121
26 de jul. de 2023,481088,83740
27 de jul. de 2023,426907,77546
28 de jul. de 2023,452375,72978
29 de jul. de 2023,204400,34674
30 de jul. de 2023,97057,22156
31 de jul. de 2023,477028,80934
1 de ago. de 2023,492011,86318
2 de ago. de 2023,495341,89471
3 de ago. de 2023,495828,86024
4 de ago. de 2023,481205,86404
5 de ago. de 2023,223507,41569
6 de ago. de 2023,107443,24237
7 de ago. de 2023,496064,89213
8 de ago. de 2023,496705,79529
9 de ago. de 2023,460837,65501
10 de ago. de 2023,490222,73738
11 de ago. de 2023,469545,69137
12 de ago. de 2023,182539,28994
13 de ago. de 2023,87759,19060
14 de ago. de 2023,497020,82385
15 de ago. de 2023,509892,86254
16 de ago. de 2023,513084,87989
17 de ago. de 2023,510649,83466
18 de ago. de 2023,491920,81656
19 de ago. de 2023,211197,36974
20 de ago. de 2023,100457,22958
21 de ago. de 2023,497857,82495
22 de ago. de 2023,513652,85070
23 de ago. de 2023,517518,86846
24 de ago. de 2023,509079,80443
25 de ago. de 2023,463180,66135
26 de ago. de 2023,207091,36834
27 de ago. de 2023,93057,20709
28 de ago. de 2023,472193,75880
29 de ago. de 2023,500457,81526
30 de ago. de 2023,510063,88870
31 de ago. de 2023,508645,85442
1 de set. de 2023,494284,87926
2 de set. de 2023,190823,30896
3 de set. de 2023,99181,23953
4 de set. de 2023,492543,86928
5 de set. de 2023,508242,92243
6 de set. de 2023,493450,91945
7 de set. de 2023,129296,23946
8 de set. de 2023,165284,34206
9 de set. de 2023,172600,36135
10 de set. de 2023,94110,23053
11 de set. de 2023,496118,92147
12 de set. de 2023,509042,90461
13 de set. de 2023,507048,89834
14 de set. de 2023,509429,84927
15 de set. de 2023,490619,84281
16 de set. de 2023,221333,40147
17 de set. de 2023,100696,23953
18 de set. de 2023,494158,82166
19 de set. de 2023,499762,83507
20 de set. de 2023,512580,88678
21 de set. de 2023,511032,84990
22 de set. de 2023,486397,78572
23 de set. de 2023,216287,39711
24 de set. de 2023,97918,22607
25 de set. de 2023,487815,79902
26 de set. de 2023,501503,84754
27 de set. de 2023,508165,86202
28 de set. de 2023,504797,81644
29 de set. de 2023,489259,83117
30 de set. de 2023,200688,34743
1 de out. de 2023,92786,22079
2 de out. de 2023,493623,87899
3 de out. de 2023,510715,92304
4 de out. de 2023,458771,65248
5 de out. de 2023,481081,75794
6 de out. de 2023,491419,90427
7 de out. de 2023,205021,35611
8 de out. de 2023,77607,15808
9 de out. de 2023,504437,89765
10 de out. de 2023,518825,95487
11 de out. de 2023,505383,93137
12 de out. de 2023,101724,15918
13 de out. de 2023,299197,47959
14 de out. de 2023,193494,36150
15 de out. de 2023,90660,21870
16 de out. de 2023,472118,80254
17 de out. de 2023,498099,82053
18 de out. de 2023,505904,88974
19 de out. de 2023,496392,78209
20 de out. de 2023,482545,82549
21 de out. de 2023,219050,40195
22 de out. de 2023,104182,24750
23 de out. de 2023,491242,84263
24 de out. de 2023,508069,86065
25 de out. de 2023,510407,90910
26 de out. de 2023,504609,86623
27 de out. de 2023,418336,73924
28 de out. de 2023,205209,36996
29 de out. de 2023,81056,16013
30 de out. de 2023,496591,84953
31 de out. de 2023,502599,87144
1 de nov. de 2023,506696,96616
2 de nov. de 2023,129071,29123
3 de nov. de 2023,318739,53602
4 de nov. de 2023,209229,41736
5 de nov. de 2023,106141,25643
6 de nov. de 2023,499331,96387
7 de nov. de 2023,514888,98867
8 de nov. de 2023,517574,100295
9 de nov. de 2023,511187,91244
10 de nov. de 2023,489289,89526
11 de nov. de 2023,223475,42017
12 de nov. de 2023,103994,24015
13 de nov. de 2023,498929,85511
14 de nov. de 2023,495664,86723
15 de nov. de 2023,143437,31491
16 de nov. de 2023,507665,89457
17 de nov. de 2023,461884,79471
18 de nov. de 2023,205448,37910
19 de nov. de 2023,92519,21139
20 de nov. de 2023,503742,91396
21 de nov. de 2023,506023,90583
22 de nov. de 2023,562456,101065
23 de nov. de 2023,486691,76731
24 de nov. de 2023,492999,87995
25 de nov. de 2023,223507,42260
26 de nov. de 2023,102260,24954
27 de nov. de 2023,486227,87725
28 de nov. de 2023,484612,83459
29 de nov. de 2023,498969,92144
30 de nov. de 2023,498684,89704
1 de dez. de 2023,483401,90931
2 de dez. de 2023,234055,44132
3 de dez. de 2023,110790,25015
4 de dez. de 2023,476956,91728
5 de dez. de 2023,496875,97880
6 de dez. de 2023,442083,98914
7 de dez. de 2023,486785,92621
8 de dez. de 2023,475967,92832
9 de dez. de 2023,240663,46177
10 de dez. de 2023,98449,21657
11 de dez. de 2023,475942,93282
12 de dez. de 2023,485446,94132
13 de dez. de 2023,487522,95744
14 de dez. de 2023,477703,87424
15 de dez. de 2023,458209,85456
16 de dez. de 2023,246249,45754
17 de dez. de 2023,129512,28072
18 de dez. de 2023,436585,81775
19 de dez. de 2023,448476,86471
20 de dez. de 2023,445428,89785
21 de dez. de 2023,418921,80919
22 de dez. de 2023,377264,72486
23 de dez. de 2023,191454,40424
24 de dez. de 2023,87087,21912
25 de dez. de 2023,51751,13583
26 de dez. de 2023,287876,53440
27 de dez. de 2023,313835,66308
28 de dez. de 2023,306805,61030
29 de dez. de 2023,274618,57379
30 de dez. de 2023,154776,37134
31 de dez. de 2023,68833,20245
1 de jan. de 2024,48545,13621
2 de jan. de 2024,270686,56704
3 de jan. de 2024,340029,73476
4 de jan. de 2024,346214,72655
5 de jan. de 2024,354384,77273
6 de jan. de 2024,186276,40147
7 de jan. de 2024,91972,23802
8 de jan. de 2024,382915,78671
9 de jan. de 2024,382720,73382
10 de jan. de 2024,411510,82653
11 de jan. de 2024,402914,73970
12 de jan. de 2024,388071,73941
13 de jan. de 2024,194780,39270
14 de jan. de 2024,95762,23909
15 de jan. de 2024,412701,77099
16 de jan. de 2024,417407,76761
17 de jan. de 2024,410367,75083
18 de jan. de 2024,419543,77162
19 de jan. de 2024,414368,75536
20 de jan. de 2024,197473,38911
21 de jan. de 2024,94940,23857
22 de jan. de 2024,403361,72578
23 de jan. de 2024,420225,75678
24 de jan. de 2024,432564,81526
25 de jan. de 2024,418590,72082
26 de jan. de 2024,421528,79742
27 de jan. de 2024,205672,39654
28 de jan. de 2024,94635,23798
29 de jan. de 2024,425446,80092
30 de jan. de 2024,445177,83953
31 de jan. de 2024,438522,82843
1 de fev. de 2024,446321,83986
2 de fev. de 2024,427245,83581
3 de fev. de 2024,201071,41396
4 de fev. de 2024,89087,23097
5 de fev. de 2024,481410,94304
6 de fev. de 2024,466684,90591
7 de fev. de 2024,470935,95110
8 de fev. de 2024,466223,87176
9 de fev. de 2024,440465,84185
10 de fev. de 2024,195708,41117
11 de fev. de 2024,102759,24005
12 de fev. de 2024,208527,41185
13 de fev. de 2024,145244,26592
14 de fev. de 2024,350242,60362
15 de fev. de 2024,455220,84845
16 de fev. de 2024,449641,85678
17 de fev. de 2024,205172,41651
18 de fev. de 2024,79164,19881
19 de fev. de 2024,470091,86558
20 de fev. de 2024,482675,88101
21 de fev. de 2024,482458,89056
22 de fev. de 2024,484958,87204
23 de fev. de 2024,465169,84296
24 de fev. de 2024,204619,40223
25 de fev. de 2024,92116,23576
26 de fev. de 2024,484725,85636
27 de fev. de 2024,497632,89082
28 de fev. de 2024,491009,90098
29 de fev. de 2024,479328,85452
1 de mar. de 2024,477651,90641
2 de mar. de 2024,207284,43475
3 de mar. de 2024,93334,24350
4 de mar. de 2024,491707,89901
5 de mar. de 2024,516134,92048
6 de mar. de 2024,512854,99053
7 de mar. de 2024,507733,96003
8 de mar. de 2024,484533,90469
9 de mar. de 2024,209385,41940
10 de mar. de 2024,95568,24859
11 de mar. de 2024,509554,93605
12 de mar. de 2024,512964,92116
13 de mar. de 2024,514693,93259
14 de mar. de 2024,507873,86969
15 de mar. de 2024,490374,85251
16 de mar. de 2024,209604,39818
17 de mar. de 2024,92106,22914
18 de mar. de 2024,502649,87014
19 de mar. de 2024,506763,87241
20 de mar. de 2024,516572,93349
21 de mar. de 2024,508091,83246
22 de mar. de 2024,488708,84167
23 de mar. de 2024,210537,39289
24 de mar. de 2024,94490,24008
25 de mar. de 2024,507750,89814
26 de mar. de 2024,516102,93285
27 de mar. de 2024,522280,98505
28 de mar. de 2024,455597,84715
29 de mar. de 2024,121464,24972
30 de mar. de 2024,181550,39476
31 de mar. de 2024,80481,20566
1 de abr. de 2024,493161,88796
2 de abr. de 2024,510536,92722
3 de abr. de 2024,518637,97668
4 de abr. de 2024,512064,91642
5 de abr. de 2024,492722,91825
6 de abr. de 2024,214739,42649
7 de abr. de 2024,96589,24409
8 de abr. de 2024,476839,81856
9 de abr. de 2024,523239,96434
10 de abr. de 2024,518938,97635
11 de abr. de 2024,512515,91083
12 de abr. de 2024,493705,86685
13 de abr. de 2024,213361,41529
14 de abr. de 2024,75448,16407
15 de abr. de 2024,484603,79055
16 de abr. de 2024,496725,84723
17 de abr. de 2024,513795,89358
18 de abr. de 2024,513010,88479
19 de abr. de 2024,487796,86196
20 de abr. de 2024,211952,41005
21 de abr. de 2024,97219,24701
22 de abr. de 2024,494215,86025
23 de abr. de 2024,509593,87914
24 de abr. de 2024,511497,91570
25 de abr. de 2024,501212,84781
26 de abr. de 2024,494237,87944
27 de abr. de 2024,213477,40658
28 de abr. de 2024,90910,22553
29 de abr. de 2024,495780,88161
30 de abr. de 2024,501141,92409
1 de mai. de 2024,122998,29500
2 de mai. de 2024,502053,91745
3 de mai. de 2024,487986,90886
4 de mai. de 2024,219831,42904
5 de mai. de 2024,97991,24452
6 de mai. de 2024,511449,96489
7 de mai. de 2024,515879,96669
8 de mai. de 2024,517491,101085
9 de mai. de 2024,509420,92743
10 de mai. de 2024,491363,90861
11 de mai. de 2024,221218,42906
12 de mai. de 2024,95062,21533
13 de mai. de 2024,495131,85276
14 de mai. de 2024,484691,73611
15 de mai. de 2024,505697,88527
16 de mai. de 2024,505411,88840
17 de mai. de 2024,485751,85536
18 de mai. de 2024,185486,30637
19 de mai. de 2024,84011,18122
20 de mai. de 2024,477885,82556
21 de mai. de 2024,512846,89350
22 de mai. de 2024,515946,93106
23 de mai. de 2024,516119,88540
24 de mai. de 2024,443335,66242
25 de mai. de 2024,209796,40438
26 de mai. de 2024,84534,17936
27 de mai. de 2024,457985,66377
28 de mai. de 2024,503745,88026
29 de mai. de 2024,512720,93845
30 de mai. de 2024,139385,28695
31 de mai. de 2024,344613,68196
1 de jun. de 2024,197796,39603
2 de jun. de 2024,92568,23050
3 de jun. de 2024,486598,91166
4 de jun. de 2024,496259,88913
5 de jun. de 2024,506514,98468
6 de jun. de 2024,511014,95393
7 de jun. de 2024,490714,94373
8 de jun. de 2024,224904,44405
9 de jun. de 2024,98796,24596
10 de jun. de 2024,497518,93607
11 de jun. de 2024,509523,92348
12 de jun. de 2024,515711,96045
13 de jun. de 2024,506082,89553
14 de jun. de 2024,485397,84323
15 de jun. de 2024,216542,41105
16 de jun. de 2024,97563,23462
17 de jun. de 2024,488308,85953
18 de jun. de 2024,500893,87680
19 de jun. de 2024,512204,94075
20 de jun. de 2024,497930,85792
21 de jun. de 2024,484226,84262
22 de jun. de 2024,215192,40363
23 de jun. de 2024,99476,23437
24 de jun. de 2024,474102,81804
25 de jun. de 2024,465591,65968
26 de jun. de 2024,498248,89853
27 de jun. de 2024,497956,88941
28 de jun. de 2024,476140,85991
29 de jun. de 2024,209226,39151
30 de jun. de 2024,94371,21872
1 de jul. de 2024,463055,84486
2 de jul. de 2024,477204,88613
3 de jul. de 2024,490553,93047
4 de jul. de 2024,475121,87111
5 de jul. de 2024,463039,88297
6 de jul. de 2024,207979,38836
7 de jul. de 2024,91795,21169
8 de jul. de 2024,412101,67752
9 de jul. de 2024,416080,65366
10 de jul. de 2024,445665,81985
11 de jul. de 2024,424257,72093
12 de jul. de 2024,416029,71070
13 de jul. de 2024,180420,29894
14 de jul. de 2024,77364,16635
15 de jul. de 2024,404745,62888
16 de jul. de 2024,428661,71599
17 de jul. de 2024,446706,80928
18 de jul. de 2024,451248,77423
19 de jul. de 2024,441024,77145
20 de jul. de 2024,214190,39096
21 de jul. de 2024,94863,22382
22 de jul. de 2024,449214,80035
23 de jul. de 2024,468056,82390
24 de jul. de 2024,483049,87196
25 de jul. de 2024,485160,83121
26 de jul. de 2024,469475,80779
27 de jul. de 2024,212137,38766
28 de jul. de 2024,98762,22849
29 de jul. de 2024,454808,67542
30 de jul. de 2024,481180,76352
1 de ago. de 2024,494041,87580
2 de ago. de 2024,481068,86772
3 de ago. de 2024,212260,40165
4 de ago. de 2024,97162,23841
5 de ago. de 2024,490728,89404
6 de ago. de 2024,510640,93542
7 de ago. de 2024,515050,97584
8 de ago. de 2024,503056,85801
9 de ago. de 2024,472469,74179
10 de ago. de 2024,209685,37859
11 de ago. de 2024,90970,20393
12 de ago. de 2024,484744,82825
13 de ago. de 2024,497891,82365
14 de ago. de 2024,499131,86311
15 de ago. de 2024,505148,84754
16 de ago. de 2024,483120,81720
17 de ago. de 2024,214101,38935
18 de ago. de 2024,99675,23092
19 de ago. de 2024,491083,82601
20 de ago. de 2024,506086,86162
21 de ago. de 2024,512454,89966
22 de ago. de 2024,502825,83151
23 de ago. de 2024,469466,75823
24 de ago. de 2024,169253,23515
25 de ago. de 2024,90252,20729
26 de ago. de 2024,477983,78957
27 de ago. de 2024,499226,83650
28 de ago. de 2024,498571,87123
29 de ago. de 2024,502232,84473
30 de ago. de 2024,484470,83335
31 de ago. de 2024,215339,39330
1 de set. de 2024,97134,23277
2 de set. de 2024,501128,87214
3 de set. de 2024,514520,90340
4 de set. de 2024,513570,92465
5 de set. de 2024,486922,76095
6 de set. de 2024,483047,88721
7 de set. de 2024,148027,30962
8 de set. de 2024,94808,23018
9 de set. de 2024,491053,88930
10 de set. de 2024,513826,90665
11 de set. de 2024,514848,90346
12 de set. de 2024,508706,83611
13 de set. de 2024,489302,82052
14 de set. de 2024,209989,36838
15 de set. de 2024,67558,13378
16 de set. de 2024,482517,74534
17 de set. de 2024,512153,83494
18 de set. de 2024,504077,82824
19 de set. de 2024,492196,72553
20 de set. de 2024,473637,73494
21 de set. de 2024,211336,38016
22 de set. de 2024,98946,23343
23 de set. de 2024,504473,83633
24 de set. de 2024,517062,86866
25 de set. de 2024,514854,88506
26 de set. de 2024,511513,83207
27 de set. de 2024,496785,81271
28 de set. de 2024,219615,39751
29 de set. de 2024,105285,23535
30 de set. de 2024,498468,84900
1 de out. de 2024,520311,88919
2 de out. de 2024,511674,85189
3 de out. de 2024,507293,83334
4 de out. de 2024,493570,85433
5 de out. de 2024,220807,40979
6 de out. de 2024,0,0
7 de out. de 2024,508094,91816
8 de out. de 2024,520595,92674
9 de out. de 2024,504033,78744
10 de out. de 2024,496428,77984
11 de out. de 2024,472505,71072
12 de out. de 2024,151478,31982
13 de out. de 2024,95679,22657
14 de out. de 2024,460725,82672
15 de out. de 2024,515513,86767
16 de out. de 2024,520994,90112
17 de out. de 2024,517465,85107
18 de out. de 2024,493003,80601
19 de out. de 2024,198561,31673
20 de out. de 2024,95587,22646
21 de out. de 2024,501581,83490
22 de out. de 2024,527149,85554
23 de out. de 2024,496356,73627
24 de out. de 2024,513425,81257
25 de out. de 2024,495835,82284
26 de out. de 2024,195051,39235
27 de out. de 2024,0,0
28 de out. de 2024,496543,85443
29 de out. de 2024,520225,88702
30 de out. de 2024,523860,91908
31 de out. de 2024,515697,86627
1 de nov. de 2024,487032,83028
2 de nov. de 2024,145442,31885
3 de nov. de 2024,84448,16330
4 de nov. de 2024,506477,89106
5 de nov. de 2024,517703,90918
6 de nov. de 2024,523008,94245
7 de nov. de 2024,505115,83541
8 de nov. de 2024,501724,88473
9 de nov. de 2024,226774,41761
10 de nov. de 2024,103145,23871
11 de nov. de 2024,511885,89585
12 de nov. de 2024,520521,87629
13 de nov. de 2024,530901,94759
14 de nov. de 2024,500955,87622
15 de nov. de 2024,148405,26129
16 de nov. de 2024,192613,36579
17 de nov. de 2024,100749,22694
18 de nov. de 2024,498033,84693
19 de nov. de 2024,517436,89258
20 de nov. de 2024,166314,33503
21 de nov. de 2024,514467,87319
22 de nov. de 2024,502940,82550
23 de nov. de 2024,220888,38532
24 de nov. de 2024,99857,23692
25 de nov. de 2024,505794,86755
26 de nov. de 2024,510391,87980
27 de nov. de 2024,512121,89030
28 de nov. de 2024,502393,82149
29 de nov. de 2024,493595,87533
30 de nov. de 2024,227657,40999
1 de dez. de 2024,119262,25541
2 de dez. de 2024,486210,83874
3 de dez. de 2024,502520,90317
4 de dez. de 2024,501096,92326
5 de dez. de 2024,505470,92017
6 de dez. de 2024,494078,89894
7 de dez. de 2024,165080,27065
8 de dez. de 2024,94846,19993
9 de dez. de 2024,444027,65262
10 de dez. de 2024,488929,85077
11 de dez. de 2024,501019,92669
12 de dez. de 2024,492552,86693
13 de dez. de 2024,478763,84494
14 de dez. de 2024,222617,37490
15 de dez. de 2024,128150,25923
16 de dez. de 2024,466499,83981
17 de dez. de 2024,471925,84270
18 de dez. de 2024,458695,85560
19 de dez. de 2024,435249,77872
20 de dez. de 2024,414303,76457
21 de dez. de 2024,226915,41911
22 de dez. de 2024,116031,24705
23 de dez. de 2024,336210,66630
24 de dez. de 2024,185599,38202
25 de dez. de 2024,99853,27868
26 de dez. de 2024,277234,48050
27 de dez. de 2024,302979,58129
28 de dez. de 2024,179708,34664
29 de dez. de 2024,89892,21004
30 de dez. de 2024,257764,57760
31 de dez. de 2024,131317,31753
1 de jan. de 2025,47178,13824
2 de jan. de 2025,262723,51019
3 de jan. de 2025,295889,61999
4 de jan. de 2025,171638,35229
5 de jan. de 2025,5196,22017
6 de jan. de 2025,383870,76685
7 de jan. de 2025,398824,76686
8 de jan. de 2025,406252,80328
9 de jan. de 2025,405373,74804
10 de jan. de 2025,401229,74747
11 de jan. de 2025,187670,35426
12 de jan. de 2025,94991,21065
13 de jan. de 2025,412332,75313
14 de jan. de 2025,429471,76278
15 de jan. de 2025,433267,80746
16 de jan. de 2025,422791,71707
17 de jan. de 2025,411073,69462
18 de jan. de 2025,186357,33428
19 de jan. de 2025,82635,26303
20 de jan. de 2025,423530,73208
21 de jan. de 2025,441026,76290
22 de jan. de 2025,431984,74233
23 de jan. de 2025,439577,73699
24 de jan. de 2025,421852,71037
25 de jan. de 2025,197095,35431
26 de jan. de 2025,103197,22321
27 de jan. de 2025,426721,75018
28 de jan. de 2025,442296,76171
29 de jan. de 2025,441797,79588
30 de jan. de 2025,442262,75307
31 de jan. de 2025,433350,75322
1 de fev. de 2025,197162,37000
2 de fev. de 2025,87491,34284
3 de fev. de 2025,443185,77763
4 de fev. de 2025,467066,84237
5 de fev. de 2025,476565,88668
6 de fev. de 2025,477758,85022
7 de fev. de 2025,455870,80385
8 de fev. de 2025,210597,40996
9 de fev. de 2025,94832,37937
10 de fev. de 2025,477185,87530
11 de fev. de 2025,488145,84965
12 de fev. de 2025,487232,86519
13 de fev. de 2025,479369,81140
14 de fev. de 2025,481790,81591
15 de fev. de 2025,212102,38567
16 de fev. de 2025,106140,23170
17 de fev. de 2025,483249,82946
18 de fev. de 2025,470579,72625
19 de fev. de 2025,499533,89025
20 de fev. de 2025,494481,83430
21 de fev. de 2025,480125,81086
22 de fev. de 2025,212511,39482
23 de fev. de 2025,107423,23567
24 de fev. de 2025,496249,82236
25 de fev. de 2025,507122,84771
26 de fev. de 2025,510883,88111
27 de fev. de 2025,497610,79765
28 de fev. de 2025,482651,84861
1 de mar. de 2025,194055,37389
2 de mar. de 2025,114556,22382
3 de mar. de 2025,215113,39155
4 de mar. de 2025,163136,26912
5 de mar. de 2025,375431,72307
6 de mar. de 2025,502507,94396
7 de mar. de 2025,494031,96262
8 de mar. de 2025,216770,42419
9 de mar. de 2025,105115,22774
10 de mar. de 2025,509989,93776
11 de mar. de 2025,519677,88450
12 de mar. de 2025,518023,90466
13 de mar. de 2025,518536,85595
14 de mar. de 2025,503983,85703
15 de mar. de 2025,256490,40202
16 de mar. de 2025,106670,22392
17 de mar. de 2025,518079,87069
18 de mar. de 2025,521037,85146
19 de mar. de 2025,529824,93175
20 de mar. de 2025,525195,87597
21 de mar. de 2025,505343,84132
22 de mar. de 2025,216421,39251
23 de mar. de 2025,106754,23390
24 de mar. de 2025,513936,82979
25 de mar. de 2025,532342,86304
26 de mar. de 2025,531320,89231
27 de mar. de 2025,532408,87783
28 de mar. de 2025,510476,85889
29 de mar. de 2025,217504,39352
30 de mar. de 2025,111316,23886
31 de mar. de 2025,518056,85869
1 de abr. de 2025,524316,89065
2 de abr. de 2025,535254,94406
3 de abr. de 2025,528914,89777
4 de abr. de 2025,511834,89168
5 de abr. de 2025,216099,39164
6 de abr. de 2025,100103,21362
7 de abr. de 2025,517714,92197
8 de abr. de 2025,526232,90702
9 de abr. de 2025,531220,93300
10 de abr. de 2025,536354,91424
11 de abr. de 2025,515336,87562
12 de abr. de 2025,226739,41563
13 de abr. de 2025,95894,21033
14 de abr. de 2025,521214,87186
15 de abr. de 2025,538595,92487
16 de abr. de 2025,532123,95273
17 de abr. de 2025,468688,80162
18 de abr. de 2025,114678,38624
19 de abr. de 2025,173873,35615
20 de abr. de 2025,94433,18868
21 de abr. de 2025,125417,24568
22 de abr. de 2025,514628,87822
23 de abr. de 2025,523480,90025
24 de abr. de 2025,525133,78053
25 de abr. de 2025,506289,86171
26 de abr. de 2025,204612,36236
27 de abr. de 2025,120654,26982
28 de abr. de 2025,518515,87798
29 de abr. de 2025,527555,92229
30 de abr. de 2025,511955,94841
1 de mai. de 2025,135066,24948
2 de mai. de 2025,367587,72792
3 de mai. de 2025,204755,39142
4 de mai. de 2025,109710,23895
5 de mai. de 2025,521255,94704
6 de mai. de 2025,532068,96678
7 de mai. de 2025,534652,99888
8 de mai. de 2025,530726,95257
9 de mai. de 2025,507697,90779
10 de mai. de 2025,216202,39232
11 de mai. de 2025,102176,20988
12 de mai. de 2025,505512,85761
13 de mai. de 2025,523803,88564
14 de mai. de 2025,525603,90931
15 de mai. de 2025,521784,87075
16 de mai. de 2025,508366,85237
17 de mai. de 2025,220706,39950
18 de mai. de 2025,109553,23630
19 de mai. de 2025,502516,78059
20 de mai. de 2025,529402,89192
21 de mai. de 2025,525572,89000
22 de mai. de 2025,509110,75826
23 de mai. de 2025,502991,81294
24 de mai. de 2025,189415,38356
25 de mai. de 2025,105912,22772
26 de mai. de 2025,506928,85672
27 de mai. de 2025,522811,90263
28 de mai. de 2025,515491,84804
29 de mai. de 2025,501854,77366
30 de mai. de 2025,488670,81030
31 de mai. de 2025,209438,37872
1 de jun. de 2025,101961,21775
2 de jun. de 2025,503413,86804
3 de jun. de 2025,488793,80401
4 de jun. de 2025,523527,93997
5 de jun. de 2025,475972,61105
6 de jun. de 2025,504871,93078
7 de jun. de 2025,210834,39005
8 de jun. de 2025,99873,21275
9 de jun. de 2025,497151,82341
10 de jun. de 2025,517065,88177
11 de jun. de 2025,525775,90604
12 de jun. de 2025,509829,78357
13 de jun. de 2025,495645,81701
14 de jun. de 2025,220136,38926
15 de jun. de 2025,94973,18133
16 de jun. de 2025,508679,82757
17 de jun. de 2025,522648,87051
18 de jun. de 2025,520342,91448
19 de jun. de 2025,154064,28948
20 de jun. de 2025,350207,62413
21 de jun. de 2025,203111,36922
22 de jun. de 2025,99013,19561
23 de jun. de 2025,470157,65684
24 de jun. de 2025,488877,76121
25 de jun. de 2025,495915,81655
26 de jun. de 2025,490758,72692
27 de jun. de 2025,481294,76028
28 de jun. de 2025,206596,35675
29 de jun. de 2025,105417,20925
30 de jun. de 2025,469487,71940
1 de jul. de 2025,469274,68170
2 de jul. de 2025,467860,71199
3 de jul. de 2025,473960,77407
4 de jul. de 2025,462921,77435
5 de jul. de 2025,218060,39165
6 de jul. de 2025,105410,21751
7 de jul. de 2025,459057,86029
8 de jul. de 2025,467009,82711
9 de jul. de 2025,467255,83822
10 de jul. de 2025,462618,80861
11 de jul. de 2025,440515,77357
12 de jul. de 2025,210782,37294
13 de jul. de 2025,107485,21795
14 de jul. de 2025,434986,76933
15 de jul. de 2025,456383,80878
16 de jul. de 2025,457428,85056
17 de jul. de 2025,452064,77374
18 de jul. de 2025,437070,74601
19 de jul. de 2025,211048,37223
20 de jul. de 2025,108913,22196
21 de jul. de 2025,440942,77024
22 de jul. de 2025,464584,80593
23 de jul. de 2025,468233,85267
24 de jul. de 2025,458694,72533
25 de jul. de 2025,449472,78958
26 de jul. de 2025,210755,38092
27 de jul. de 2025,112260,23038
28 de jul. de 2025,473401,79115
29 de jul. de 2025,494843,84209
30 de jul. de 2025,488660,86528
31 de jul. de 2025,488314,82806
1 de ago. de 2025,477379,85214
2 de ago. de 2025,212220,39923
3 de ago. de 2025,109917,23881
4 de ago. de 2025,492745,86829
5 de ago. de 2025,509183,87675
6 de ago. de 2025,516343,94764
7 de ago. de 2025,512858,91785
8 de ago. de 2025,483996,76888
9 de ago. de 2025,214639,39031
10 de ago. de 2025,100399,20264
11 de ago. de 2025,496131,85401
12 de ago. de 2025,519734,88137
13 de ago. de 2025,523079,91984
14 de ago. de 2025,516329,85593
15 de ago. de 2025,496717,79969
16 de ago. de 2025,213549,38786
17 de ago. de 2025,106367,22664
18 de ago. de 2025,506079,84382
19 de ago. de 2025,522688,86817
20 de ago. de 2025,518389,86611
21 de ago. de 2025,525876,87165
22 de ago. de 2025,494346,83152
23 de ago. de 2025,230340,39287
24 de ago. de 2025,109292,20067
25 de ago. de 2025,502739,83072
26 de ago. de 2025,480350,59388
27 de ago. de 2025,518520,88792
28 de ago. de 2025,515626,86055
29 de ago. de 2025,499511,85800
30 de ago. de 2025,218783,40742
31 de ago. de 2025,105703,23208
1 de set. de 2025,507967,88833
2 de set. de 2025,523545,92704
3 de set. de 2025,525608,96752
4 de set. de 2025,517893,91928
5 de set. de 2025,497882,90951
6 de set. de 2025,195722,36826
7 de set. de 2025,101651,21142
8 de set. de 2025,155043,29946
9 de set. de 2025,429045,76684
10 de set. de 2025,601599,113238
11 de set. de 2025,518392,90100
12 de set. de 2025,510752,88429
13 de set. de 2025,216763,39662
14 de set. de 2025,110182,22968
15 de set. de 2025,515813,89856
16 de set. de 2025,521497,89420
17 de set. de 2025,526801,92900
18 de set. de 2025,521534,87553
19 de set. de 2025,501981,85612
20 de set. de 2025,217756,39979
21 de set. de 2025,103012,21165
22 de set. de 2025,438264,61700
23 de set. de 2025,520367,90674
24 de set. de 2025,521442,93435
25 de set. de 2025,511156,80692
26 de set. de 2025,490415,80791
27 de set. de 2025,212539,39721
28 de set. de 2025,104136,21871
29 de set. de 2025,502990,87834
30 de set. de 2025,504678,88056
1 de out. de 2025,524853,95441
2 de out. de 2025,512100,83804
3 de out. de 2025,489311,79799
4 de out. de 2025,215612,41306
5 de out. de 2025,103084,39269
6 de out. de 2025,505037,93122
7 de out. de 2025,504855,83769
8 de out. de 2025,485845,72409
9 de out. de 2025,501857,81988
10 de out. de 2025,472561,75620
11 de out. de 2025,215921,42329
12 de out. de 2025,98485,20325
13 de out. de 2025,484864,85886
14 de out. de 2025,528333,92785
15 de out. de 2025,502852,92866
16 de out. de 2025,523455,89989
17 de out. de 2025,501661,84639
18 de out. de 2025,208100,37055
19 de out. de 2025,109644,22804
20 de out. de 2025,495596,85347
21 de out. de 2025,512655,87577
22 de out. de 2025,515854,92884
23 de out. de 2025,515287,88188
24 de out. de 2025,492326,85056
25 de out. de 2025,219160,41193
26 de out. de 2025,107446,22327
27 de out. de 2025,483014,80289
28 de out. de 2025,512837,84625
29 de out. de 2025,520734,90768
30 de out. de 2025,517304,87625
31 de out. de 2025,500246,87793
1 de nov. de 2025,212829,41877
2 de nov. de 2025,93386,21267
3 de nov. de 2025,505921,90157
4 de nov. de 2025,527829,95497
5 de nov. de 2025,530883,98530
6 de nov. de 2025,526113,95333
7 de nov. de 2025,500364,92950
8 de nov. de 2025,230504,42556
9 de nov. de 2025,108489,23327
10 de nov. de 2025,513813,94565
11 de nov. de 2025,526214,94045
12 de nov. de 2025,521649,95573
13 de nov. de 2025,516775,85557
14 de nov. de 2025,503706,87624
15 de nov. de 2025,168473,32350
16 de nov. de 2025,105910,22312
17 de nov. de 2025,497694,82748